val_accuracy,loss,val_recall_1,recall_1,val_precision_1,accuracy,val_loss,precision_1
0.5652174,0.4375938386148635,0.0,0.78409094,0.0,0.80110496,1.3989960486711224,0.8023256
0.6086956,0.35232789315603436,0.0,0.94623655,0.0,0.93370163,0.7442846978600655,0.9263158
0.6956522,0.14828632448628903,0.0,0.97,0.0,0.9558011,0.8553263875065669,0.95098037
0.82608694,0.1933616576792821,0.0,0.96666664,0.0,0.96132594,0.32093046924306284,0.95604396
0.5652174,0.16357778716394666,0.0,0.93877554,0.0,0.95027626,1.1559743652042622,0.96842104
