val_loss,loss,val_precision_28,precision_28,val_recall_28,val_accuracy,recall_28,accuracy
0.1587708497726134,0.4525533830307486,0.93333334,0.7010309,1.0,0.95652175,0.85,0.77348065
0.1764774931728777,0.2807954382992092,0.93333334,0.8901099,1.0,0.95652175,0.92045456,0.9060773
0.5210666065639846,0.1410620126508611,0.7777778,0.94949496,1.0,0.82608694,0.9791667,0.96132594
0.2680796818600761,0.42181079188907233,0.93333334,0.8962264,1.0,0.95652175,0.959596,0.9171271
0.13368851005285856,0.17190512797744809,0.93333334,0.9354839,1.0,0.95652175,0.96666664,0.95027626
