val_recall_2,val_loss,val_accuracy,precision_2,loss,accuracy,val_precision_2,recall_2
0.0,0.5016809853000773,0.65217394,0.7356322,0.5869740353775632,0.80110496,0.0,0.83116883
0.0,0.8332034860530662,0.6086956,0.8863636,0.29742232314081835,0.9060773,0.0,0.91764706
